"DESCRIPTION","DURATION IN MS","NAME","PARENT SUITE","START TIME","STATUS","STOP TIME","SUB SUITE","SUITE","TEST CLASS","TEST METHOD"
"","42","Policy is not accepted due to missing context ""Exclusive Usage""","","Mon May 11 06:46:59 UTC 2026","passed","Mon May 11 06:46:59 UTC 2026","","org.eclipse.tractusx.edc.tests.policy.PolicyDefinitionEndToEndTest","org.eclipse.tractusx.edc.tests.policy.PolicyDefinitionEndToEndTest","shouldNotAcceptInvalidNamespacePolicyDefinitions"
"","53","Policy is not accepted due to missing context ""Warranty""","","Mon May 11 06:46:58 UTC 2026","passed","Mon May 11 06:46:58 UTC 2026","","org.eclipse.tractusx.edc.tests.policy.PolicyDefinitionEndToEndTest","org.eclipse.tractusx.edc.tests.policy.PolicyDefinitionEndToEndTest","shouldNotAcceptInvalidNamespacePolicyDefinitions"
"","7698","httpPushDataTransfer_withLegacyUsagePolicy()","","Mon May 11 06:50:37 UTC 2026","passed","Mon May 11 06:50:45 UTC 2026","","org.eclipse.tractusx.edc.tests.transfer.TransferPushEndToEndTest.Dsp08to08","org.eclipse.tractusx.edc.tests.transfer.TransferPushEndToEndTest$Dsp08to08","httpPushDataTransfer_withLegacyUsagePolicy"
"","62","Policy is not accepted because definition is not correct ""Usage policy permission with not allowed constraints""","","Mon May 11 06:46:57 UTC 2026","passed","Mon May 11 06:46:57 UTC 2026","","org.eclipse.tractusx.edc.tests.policy.PolicyDefinitionEndToEndTest","org.eclipse.tractusx.edc.tests.policy.PolicyDefinitionEndToEndTest","shouldNotAcceptInvalidPolicyDefinitions"
"","47","discoveryShouldReturn502_ifMetadaEndpointNotReachable()","","Mon May 11 06:47:28 UTC 2026","passed","Mon May 11 06:47:28 UTC 2026","","org.eclipse.tractusx.edc.discovery.e2e.ConnectorParameterDiscoveryTest","org.eclipse.tractusx.edc.discovery.e2e.ConnectorParameterDiscoveryTest","discoveryShouldReturn502_ifMetadaEndpointNotReachable"
"","56","Provider gets 400 when no asset selector is used","","Mon May 11 06:47:19 UTC 2026","passed","Mon May 11 06:47:19 UTC 2026","","org.eclipse.tractusx.edc.tests.validators.EmptyAssetSelectorValidatorTest","org.eclipse.tractusx.edc.tests.validators.EmptyAssetSelectorValidatorTest","shouldFail_whenContractDefinitionHasNoAssetSelector"
"","2067","transferFolder_targetFolderNotExists_shouldCreate(Vault)","","Mon May 11 06:47:39 UTC 2026","passed","Mon May 11 06:47:41 UTC 2026","","org.eclipse.tractusx.edc.dataplane.transfer.test.AzureToAzureTest","org.eclipse.tractusx.edc.dataplane.transfer.test.AzureToAzureTest","transferFolder_targetFolderNotExists_shouldCreate"
"","309","Verify that the consumer receives only the offers he is permitted to (using the legacy BPN validation)","","Mon May 11 06:51:28 UTC 2026","passed","Mon May 11 06:51:28 UTC 2026","","org.eclipse.tractusx.edc.tests.catalog.CatalogTestDspV08","org.eclipse.tractusx.edc.tests.catalog.CatalogTestDspV08","requestCatalog_filteredByBpnLegacy_shouldReject"
"","160465","assertDspCompatibility()","","Mon May 11 06:46:38 UTC 2026","passed","Mon May 11 06:49:19 UTC 2026","","org.eclipse.tractusx.edc.tests.tck.dsp.EdcCompatibilityPostgresTest","org.eclipse.tractusx.edc.tests.tck.dsp.EdcCompatibilityPostgresTest","assertDspCompatibility"
"","74","Policy is not accepted because definition is not correct ""Usage policy obligation with not allowed constraints""","","Mon May 11 06:46:57 UTC 2026","passed","Mon May 11 06:46:57 UTC 2026","","org.eclipse.tractusx.edc.tests.policy.PolicyDefinitionEndToEndTest","org.eclipse.tractusx.edc.tests.policy.PolicyDefinitionEndToEndTest","shouldNotAcceptInvalidPolicyDefinitions"
"","5107","transferData_failing_withProxyOriginalResponse()","","Mon May 11 06:49:33 UTC 2026","passed","Mon May 11 06:49:38 UTC 2026","","org.eclipse.tractusx.edc.tests.transfer.TransferPullEndToEndTest.Dsp2025to2025","org.eclipse.tractusx.edc.tests.transfer.TransferPullEndToEndTest$Dsp2025to2025","transferData_failing_withProxyOriginalResponse"
"","71","Policy is accepted ""Data Usage End Duration Days""","","Mon May 11 06:46:55 UTC 2026","passed","Mon May 11 06:46:55 UTC 2026","","org.eclipse.tractusx.edc.tests.policy.PolicyDefinitionEndToEndTest","org.eclipse.tractusx.edc.tests.policy.PolicyDefinitionEndToEndTest","shouldAcceptValidPolicyDefinitions"
"","25","Verifier should reject an auth token without the Bearer prefix","","Mon May 11 06:50:05 UTC 2026","passed","Mon May 11 06:50:05 UTC 2026","","org.eclipse.dataspacetck.dcp.verification.presentation.verifier.PresentationFlowSection4Test","org.eclipse.dataspacetck.dcp.verification.presentation.verifier.PresentationFlowSection4Test","presentationResponse_rejectMissingBearerPrefix"
"","177","Policy is not accepted because definition is not correct ""Usage policy with empty permission""","","Mon May 11 06:46:57 UTC 2026","passed","Mon May 11 06:46:57 UTC 2026","","org.eclipse.tractusx.edc.tests.policy.PolicyDefinitionEndToEndTest","org.eclipse.tractusx.edc.tests.policy.PolicyDefinitionEndToEndTest","shouldNotAcceptInvalidPolicyDefinitions"
"","56","Policy is not accepted due to missing context ""Business Partner Group""","","Mon May 11 06:46:59 UTC 2026","passed","Mon May 11 06:46:59 UTC 2026","","org.eclipse.tractusx.edc.tests.policy.PolicyDefinitionEndToEndTest","org.eclipse.tractusx.edc.tests.policy.PolicyDefinitionEndToEndTest","shouldNotAcceptInvalidNamespacePolicyDefinitions"
"","2515","The Authorization header is empty","","Mon May 11 06:46:39 UTC 2026","passed","Mon May 11 06:46:42 UTC 2026","","org.eclipse.tractusx.edc.dataplane.tokenrefresh.e2e.DataPlaneTokenRefreshEndToEndTest","org.eclipse.tractusx.edc.dataplane.tokenrefresh.e2e.DataPlaneTokenRefreshEndToEndTest","refresh_emptyAuthHeader"
"","2231","Verify the refresh endpoint is not called when auto_refresh=false","","Mon May 11 06:48:40 UTC 2026","passed","Mon May 11 06:48:42 UTC 2026","","org.eclipse.tractusx.edc.tests.edrv2.EdrCacheApiEndToEndTest","org.eclipse.tractusx.edc.tests.edrv2.EdrCacheApiEndToEndTest","getEdrWithRefresh_whenNotAutorefresh_shouldNotCallEndpoint"
"","48","Policy is not accepted due to missing context ""Warranty Duration Months""","","Mon May 11 06:46:58 UTC 2026","passed","Mon May 11 06:46:59 UTC 2026","","org.eclipse.tractusx.edc.tests.policy.PolicyDefinitionEndToEndTest","org.eclipse.tractusx.edc.tests.policy.PolicyDefinitionEndToEndTest","shouldNotAcceptInvalidNamespacePolicyDefinitions"
"","67","Policy is accepted ""Empty Policy""","","Mon May 11 06:46:56 UTC 2026","passed","Mon May 11 06:46:57 UTC 2026","","org.eclipse.tractusx.edc.tests.policy.PolicyDefinitionEndToEndTest","org.eclipse.tractusx.edc.tests.policy.PolicyDefinitionEndToEndTest","shouldAcceptValidPolicyDefinitions"
"","2063","transferFile_success(Vault)","","Mon May 11 06:47:37 UTC 2026","passed","Mon May 11 06:47:39 UTC 2026","","org.eclipse.tractusx.edc.dataplane.transfer.test.AzureToAzureTest","org.eclipse.tractusx.edc.dataplane.transfer.test.AzureToAzureTest","transferFile_success"
"","2095","transferFile_s3ToAzureMultipleFiles_whenConsumerDefinesBloblName_success(Vault)","","Mon May 11 06:47:57 UTC 2026","passed","Mon May 11 06:47:59 UTC 2026","","org.eclipse.tractusx.edc.dataplane.transfer.test.MultiCloudTest","org.eclipse.tractusx.edc.dataplane.transfer.test.MultiCloudTest","transferFile_s3ToAzureMultipleFiles_whenConsumerDefinesBloblName_success"
"","97","Policy is accepted ""Affiliates Region""","","Mon May 11 06:46:54 UTC 2026","passed","Mon May 11 06:46:55 UTC 2026","","org.eclipse.tractusx.edc.tests.policy.PolicyDefinitionEndToEndTest","org.eclipse.tractusx.edc.tests.policy.PolicyDefinitionEndToEndTest","shouldAcceptValidPolicyDefinitions"
"","96","Policy is accepted ""Confidential Information Sharing""","","Mon May 11 06:46:56 UTC 2026","passed","Mon May 11 06:46:56 UTC 2026","","org.eclipse.tractusx.edc.tests.policy.PolicyDefinitionEndToEndTest","org.eclipse.tractusx.edc.tests.policy.PolicyDefinitionEndToEndTest","shouldAcceptValidPolicyDefinitions"
"","59","Policy is not accepted due to missing context ""Business Partner Number""","","Mon May 11 06:46:59 UTC 2026","passed","Mon May 11 06:46:59 UTC 2026","","org.eclipse.tractusx.edc.tests.policy.PolicyDefinitionEndToEndTest","org.eclipse.tractusx.edc.tests.policy.PolicyDefinitionEndToEndTest","shouldNotAcceptInvalidNamespacePolicyDefinitions"
"","10234","transferData_withAutomaticRefresh()","","Mon May 11 06:52:09 UTC 2026","passed","Mon May 11 06:52:19 UTC 2026","","org.eclipse.tractusx.edc.tests.transfer.TransferWithTokenRefreshTest","org.eclipse.tractusx.edc.tests.transfer.TransferWithTokenRefreshTest","transferData_withAutomaticRefresh"
"","2054","transferFile_azureToS3(Vault)","","Mon May 11 06:48:01 UTC 2026","passed","Mon May 11 06:48:03 UTC 2026","","org.eclipse.tractusx.edc.dataplane.transfer.test.MultiCloudTest","org.eclipse.tractusx.edc.dataplane.transfer.test.MultiCloudTest","transferFile_azureToS3"
"","1309","Expect the Catalog request to fail if a credential is expired","","Mon May 11 06:50:46 UTC 2026","passed","Mon May 11 06:50:47 UTC 2026","","org.eclipse.tractusx.edc.tests.transfer.DivConsumerPullTest","org.eclipse.tractusx.edc.tests.transfer.DivConsumerPullTest","catalogRequest_whenCredentialExpired"
"","39","Policy is not accepted due to missing context ""ContractTermination""","","Mon May 11 06:46:59 UTC 2026","passed","Mon May 11 06:46:59 UTC 2026","","org.eclipse.tractusx.edc.tests.policy.PolicyDefinitionEndToEndTest","org.eclipse.tractusx.edc.tests.policy.PolicyDefinitionEndToEndTest","shouldNotAcceptInvalidNamespacePolicyDefinitions"
"","44","Policy is not accepted because definition is not correct ""Access Policy with prohibition rule""","","Mon May 11 06:46:57 UTC 2026","passed","Mon May 11 06:46:57 UTC 2026","","org.eclipse.tractusx.edc.tests.policy.PolicyDefinitionEndToEndTest","org.eclipse.tractusx.edc.tests.policy.PolicyDefinitionEndToEndTest","shouldNotAcceptInvalidPolicyDefinitions"
"","5933","transferData_success_withProxyOriginalResponse_withoutSourceResponseBody()","","Mon May 11 06:47:51 UTC 2026","passed","Mon May 11 06:47:57 UTC 2026","","org.eclipse.tractusx.edc.tests.transfer.TransferPullEndToEndTest.Dsp08to08","org.eclipse.tractusx.edc.tests.transfer.TransferPullEndToEndTest$Dsp08to08","transferData_success_withProxyOriginalResponse_withoutSourceResponseBody"
"","12048","azureBlobPush_withoutDestFolder()","","Mon May 11 06:49:44 UTC 2026","passed","Mon May 11 06:49:56 UTC 2026","","org.eclipse.tractusx.edc.tests.transfer.AzureToAzureEndToEndTest","org.eclipse.tractusx.edc.tests.transfer.AzureToAzureEndToEndTest","azureBlobPush_withoutDestFolder"
"","39","4.3.3 Verify invalid access token - incorrect aud","","Mon May 11 06:50:06 UTC 2026","passed","Mon May 11 06:50:06 UTC 2026","","org.eclipse.dataspacetck.dcp.verification.presentation.verifier.PresentationFlowSection4Test","org.eclipse.dataspacetck.dcp.verification.presentation.verifier.PresentationFlowSection4Test","verifier_04_03_03_idTokenIncorrectAud"
"","78","5.4.3.7 Verifier should reject an expired credential","","Mon May 11 06:50:06 UTC 2026","passed","Mon May 11 06:50:06 UTC 2026","","org.eclipse.dataspacetck.dcp.verification.presentation.verifier.PresentationFlowSection5Test","org.eclipse.dataspacetck.dcp.verification.presentation.verifier.PresentationFlowSection5Test","verifier_05_04_03_07_presentationResponse_expiredCredential"
"","92","Policy is accepted ""Warranty Duration Months""","","Mon May 11 06:46:56 UTC 2026","passed","Mon May 11 06:46:56 UTC 2026","","org.eclipse.tractusx.edc.tests.policy.PolicyDefinitionEndToEndTest","org.eclipse.tractusx.edc.tests.policy.PolicyDefinitionEndToEndTest","shouldAcceptValidPolicyDefinitions"
"","49","Policy is not accepted because definition is not correct ""Policy with mutually exclusive constraints""","","Mon May 11 06:46:57 UTC 2026","passed","Mon May 11 06:46:57 UTC 2026","","org.eclipse.tractusx.edc.tests.policy.PolicyDefinitionEndToEndTest","org.eclipse.tractusx.edc.tests.policy.PolicyDefinitionEndToEndTest","shouldNotAcceptInvalidPolicyDefinitions"
"","87","Policy is not accepted because definition is not correct ""Policy with different actions types""","","Mon May 11 06:46:57 UTC 2026","passed","Mon May 11 06:46:57 UTC 2026","","org.eclipse.tractusx.edc.tests.policy.PolicyDefinitionEndToEndTest","org.eclipse.tractusx.edc.tests.policy.PolicyDefinitionEndToEndTest","shouldNotAcceptInvalidPolicyDefinitions"
"","16292","transferData_withTerminate()","","Mon May 11 06:49:38 UTC 2026","passed","Mon May 11 06:49:55 UTC 2026","","org.eclipse.tractusx.edc.tests.transfer.TransferPullEndToEndTest.Dsp2025to2025","org.eclipse.tractusx.edc.tests.transfer.TransferPullEndToEndTest$Dsp2025to2025","transferData_withTerminate"
"","6312","The authentication token misses required claims: token","","Mon May 11 06:46:30 UTC 2026","passed","Mon May 11 06:46:37 UTC 2026","","org.eclipse.tractusx.edc.dataplane.tokenrefresh.e2e.DataPlaneTokenRefreshEndToEndTest","org.eclipse.tractusx.edc.dataplane.tokenrefresh.e2e.DataPlaneTokenRefreshEndToEndTest","refresh_invalidAuthenticationToken_missingAccessToken"
"","96","X.X Verifier should reject Presentations where at least 1 credential schema is violated","","Mon May 11 06:50:06 UTC 2026","passed","Mon May 11 06:50:06 UTC 2026","","org.eclipse.dataspacetck.dcp.verification.presentation.verifier.PresentationFlowSection5Test","org.eclipse.dataspacetck.dcp.verification.presentation.verifier.PresentationFlowSection5Test","verifier_x_x_presentationResponse_invalidCredentialSchema"
"","5841","Verify that the callbacks are invoked when negotiating an EDR","","Mon May 11 06:49:09 UTC 2026","passed","Mon May 11 06:49:15 UTC 2026","","org.eclipse.tractusx.edc.tests.edrv2.NegotiateEdrTest","org.eclipse.tractusx.edc.tests.edrv2.NegotiateEdrTest","negotiateEdr_shouldInvokeCallbacks"
"","71","Policy is not accepted because definition is not correct ""Usage policy prohibition with not allowed constraints""","","Mon May 11 06:46:57 UTC 2026","passed","Mon May 11 06:46:57 UTC 2026","","org.eclipse.tractusx.edc.tests.policy.PolicyDefinitionEndToEndTest","org.eclipse.tractusx.edc.tests.policy.PolicyDefinitionEndToEndTest","shouldNotAcceptInvalidPolicyDefinitions"
"","61","Policy is accepted ""Enforce data usage end date 1 day in the future""","","Mon May 11 06:46:57 UTC 2026","passed","Mon May 11 06:46:57 UTC 2026","","org.eclipse.tractusx.edc.tests.policy.PolicyDefinitionEndToEndTest","org.eclipse.tractusx.edc.tests.policy.PolicyDefinitionEndToEndTest","shouldAcceptValidPolicyDefinitions"
"","46","Policy is not accepted due to missing context ""Warranty Definition""","","Mon May 11 06:46:58 UTC 2026","passed","Mon May 11 06:46:58 UTC 2026","","org.eclipse.tractusx.edc.tests.policy.PolicyDefinitionEndToEndTest","org.eclipse.tractusx.edc.tests.policy.PolicyDefinitionEndToEndTest","shouldNotAcceptInvalidNamespacePolicyDefinitions"
"","62","Expect the Catalog request to fail if a credential has an invalid credential subject id","","Mon May 11 06:51:44 UTC 2026","passed","Mon May 11 06:51:44 UTC 2026","","org.eclipse.tractusx.edc.tests.transfer.StsConsumerPullTest","org.eclipse.tractusx.edc.tests.transfer.StsConsumerPullTest","catalogRequest_whenCredentialSubjectIdIsInvalid"
"","8109","Verify all existing TPs related to an agreement are terminated upon its retirement","","Mon May 11 06:47:09 UTC 2026","passed","Mon May 11 06:47:17 UTC 2026","","org.eclipse.tractusx.edc.tests.transfer.RetireAgreementTest","org.eclipse.tractusx.edc.tests.transfer.RetireAgreementTest","retireAgreement_shouldCloseTransferProcesses"
"","2062","transferFile_s3ToAzure(Vault)","","Mon May 11 06:47:59 UTC 2026","passed","Mon May 11 06:48:01 UTC 2026","","org.eclipse.tractusx.edc.dataplane.transfer.test.MultiCloudTest","org.eclipse.tractusx.edc.dataplane.transfer.test.MultiCloudTest","transferFile_s3ToAzure"
"","39","5.4.2.1 Verifier should reject a presentation response message that contains a different credential than requested","","Mon May 11 06:50:06 UTC 2026","passed","Mon May 11 06:50:07 UTC 2026","","org.eclipse.dataspacetck.dcp.verification.presentation.verifier.PresentationFlowSection5Test","org.eclipse.dataspacetck.dcp.verification.presentation.verifier.PresentationFlowSection5Test","verifier_05_04_02_01_presentationResponse_tooFewCredentials"
"","155","BusinessPartnerDeleted event is published","","Mon May 11 06:46:57 UTC 2026","passed","Mon May 11 06:46:57 UTC 2026","","org.eclipse.tractusx.edc.tests.bpn.events.BusinessPartnerEventTest","org.eclipse.tractusx.edc.tests.bpn.events.BusinessPartnerEventTest","shouldPublishBusinessPartnerDeletedEvent"
"","12644","httpPushNonFiniteDataTransfer()","","Mon May 11 06:51:37 UTC 2026","passed","Mon May 11 06:51:49 UTC 2026","","org.eclipse.tractusx.edc.tests.transfer.TransferPushEndToEndTest.Dsp2025to2025","org.eclipse.tractusx.edc.tests.transfer.TransferPushEndToEndTest$Dsp2025to2025","httpPushNonFiniteDataTransfer"
"","932","triggerDataTransfer_shouldFail_whenDataFlowIsNotPushFlowType()","","Mon May 11 06:46:47 UTC 2026","passed","Mon May 11 06:46:48 UTC 2026","","org.eclipse.tractusx.edc.tests.transfer.DataFlowApiEndToEndTest","org.eclipse.tractusx.edc.tests.transfer.DataFlowApiEndToEndTest","triggerDataTransfer_shouldFail_whenDataFlowIsNotPushFlowType"
"","47","discoveryShouldReturnDspParams_DidAsIdentifier()","","Mon May 11 06:46:52 UTC 2026","passed","Mon May 11 06:46:53 UTC 2026","","org.eclipse.tractusx.edc.discovery.e2e.ConnectorDiscoveryTest","org.eclipse.tractusx.edc.discovery.e2e.ConnectorDiscoveryTest","discoveryShouldReturnDspParams_DidAsIdentifier"
"","2030","discoveryShouldReturn400_ifRequestHasMissingProps()","","Mon May 11 06:46:50 UTC 2026","passed","Mon May 11 06:46:52 UTC 2026","","org.eclipse.tractusx.edc.discovery.e2e.ConnectorDiscoveryTest","org.eclipse.tractusx.edc.discovery.e2e.ConnectorDiscoveryTest","discoveryShouldReturn400_ifRequestHasMissingProps"
"","31","discoveryShouldReturn2025DspParams_DidAsIdentifier()","","Mon May 11 06:47:28 UTC 2026","passed","Mon May 11 06:47:28 UTC 2026","","org.eclipse.tractusx.edc.discovery.e2e.ConnectorParameterDiscoveryTest","org.eclipse.tractusx.edc.discovery.e2e.ConnectorParameterDiscoveryTest","discoveryShouldReturn2025DspParams_DidAsIdentifier"
"","4856","transferData_failing_withProxyOriginalResponse()","","Mon May 11 06:48:03 UTC 2026","passed","Mon May 11 06:48:08 UTC 2026","","org.eclipse.tractusx.edc.tests.transfer.TransferPullEndToEndTest.Dsp08to08","org.eclipse.tractusx.edc.tests.transfer.TransferPullEndToEndTest$Dsp08to08","transferData_failing_withProxyOriginalResponse"
"","105","Policy is accepted ""Data Usage End Date""","","Mon May 11 06:46:55 UTC 2026","passed","Mon May 11 06:46:55 UTC 2026","","org.eclipse.tractusx.edc.tests.policy.PolicyDefinitionEndToEndTest","org.eclipse.tractusx.edc.tests.policy.PolicyDefinitionEndToEndTest","shouldAcceptValidPolicyDefinitions"
"","4337","Verify that the consumer receives only the offers he is permitted to (using the legacy CX policy)","","Mon May 11 06:49:55 UTC 2026","passed","Mon May 11 06:50:00 UTC 2026","","org.eclipse.tractusx.edc.tests.catalog.CatalogTest","org.eclipse.tractusx.edc.tests.catalog.CatalogTest","requestCatalog_filteredByBpn_UsingLegacyCxPolicy_shouldReject"
"","20785","transferFile_largeFile(long, Vault) File size bytes: 536870912","","Mon May 11 06:46:50 UTC 2026","passed","Mon May 11 06:47:10 UTC 2026","","org.eclipse.tractusx.edc.dataplane.transfer.test.AzureToAzureTest","org.eclipse.tractusx.edc.dataplane.transfer.test.AzureToAzureTest","transferFile_largeFile"
"","4091","transferData_privateBackend()","","Mon May 11 06:50:58 UTC 2026","passed","Mon May 11 06:51:03 UTC 2026","","org.eclipse.tractusx.edc.tests.transfer.DivConsumerPullTest","org.eclipse.tractusx.edc.tests.transfer.DivConsumerPullTest","transferData_privateBackend"
"","747","Verify that the consumer receives only the offers he is permitted to (using the legacy BPN validation)","","Mon May 11 06:50:00 UTC 2026","passed","Mon May 11 06:50:01 UTC 2026","","org.eclipse.tractusx.edc.tests.catalog.CatalogTest","org.eclipse.tractusx.edc.tests.catalog.CatalogTest","requestCatalog_filteredByBpnLegacy_WithNamespace_shouldReject"
"","2096","transferMultipleFile_success(Vault)","","Mon May 11 06:47:35 UTC 2026","passed","Mon May 11 06:47:37 UTC 2026","","org.eclipse.tractusx.edc.dataplane.transfer.test.AzureToAzureTest","org.eclipse.tractusx.edc.dataplane.transfer.test.AzureToAzureTest","transferMultipleFile_success"
"","45","Policy is not accepted due to missing context ""Data Frequency""","","Mon May 11 06:46:58 UTC 2026","passed","Mon May 11 06:46:58 UTC 2026","","org.eclipse.tractusx.edc.tests.policy.PolicyDefinitionEndToEndTest","org.eclipse.tractusx.edc.tests.policy.PolicyDefinitionEndToEndTest","shouldNotAcceptInvalidNamespacePolicyDefinitions"
"","16449","transferData_withTerminate()","","Mon May 11 06:48:08 UTC 2026","passed","Mon May 11 06:48:24 UTC 2026","","org.eclipse.tractusx.edc.tests.transfer.TransferPullEndToEndTest.Dsp08to08","org.eclipse.tractusx.edc.tests.transfer.TransferPullEndToEndTest$Dsp08to08","transferData_withTerminate"
"","6184","transferData_success_withProxyOriginalResponse_withoutSourceResponseBody()","","Mon May 11 06:49:21 UTC 2026","passed","Mon May 11 06:49:27 UTC 2026","","org.eclipse.tractusx.edc.tests.transfer.TransferPullEndToEndTest.Dsp2025to2025","org.eclipse.tractusx.edc.tests.transfer.TransferPullEndToEndTest$Dsp2025to2025","transferData_success_withProxyOriginalResponse_withoutSourceResponseBody"
"","6077","transferData_privateBackend_withConsumerDataPlane()","","Mon May 11 06:49:15 UTC 2026","passed","Mon May 11 06:49:21 UTC 2026","","org.eclipse.tractusx.edc.tests.transfer.TransferPullEndToEndTest.Dsp2025to2025","org.eclipse.tractusx.edc.tests.transfer.TransferPullEndToEndTest$Dsp2025to2025","transferData_privateBackend_withConsumerDataPlane"
"","5917","transferData_unsuccessful_notReturnOriginalSourceResponseCode_withTerminate()","","Mon May 11 06:49:27 UTC 2026","passed","Mon May 11 06:49:33 UTC 2026","","org.eclipse.tractusx.edc.tests.transfer.TransferPullEndToEndTest.Dsp2025to2025","org.eclipse.tractusx.edc.tests.transfer.TransferPullEndToEndTest$Dsp2025to2025","transferData_unsuccessful_notReturnOriginalSourceResponseCode_withTerminate"
"","8174","azureBlobPush_containerNotExist()","","Mon May 11 06:50:03 UTC 2026","passed","Mon May 11 06:50:12 UTC 2026","","org.eclipse.tractusx.edc.tests.transfer.AzureToAzureEndToEndTest","org.eclipse.tractusx.edc.tests.transfer.AzureToAzureEndToEndTest","azureBlobPush_containerNotExist"
"","56","Policy is not accepted due to missing context ""Data Usage End Duration Days""","","Mon May 11 06:46:58 UTC 2026","passed","Mon May 11 06:46:58 UTC 2026","","org.eclipse.tractusx.edc.tests.policy.PolicyDefinitionEndToEndTest","org.eclipse.tractusx.edc.tests.policy.PolicyDefinitionEndToEndTest","shouldNotAcceptInvalidNamespacePolicyDefinitions"
"","598","Verify that the consumer receives only the offers he is permitted to (using the legacy CX policy)","","Mon May 11 06:51:26 UTC 2026","passed","Mon May 11 06:51:27 UTC 2026","","org.eclipse.tractusx.edc.tests.catalog.CatalogTestDspV08","org.eclipse.tractusx.edc.tests.catalog.CatalogTestDspV08","requestCatalog_filteredByBpn_UsingLegacyCxPolicy_shouldReject"
"","63","Policy is not accepted due to missing context ""Affiliates Region (IS_ANY_OF, one element)""","","Mon May 11 06:46:58 UTC 2026","passed","Mon May 11 06:46:58 UTC 2026","","org.eclipse.tractusx.edc.tests.policy.PolicyDefinitionEndToEndTest","org.eclipse.tractusx.edc.tests.policy.PolicyDefinitionEndToEndTest","shouldNotAcceptInvalidNamespacePolicyDefinitions"
"","88","Policy is accepted ""Contract reference""","","Mon May 11 06:46:56 UTC 2026","passed","Mon May 11 06:46:56 UTC 2026","","org.eclipse.tractusx.edc.tests.policy.PolicyDefinitionEndToEndTest","org.eclipse.tractusx.edc.tests.policy.PolicyDefinitionEndToEndTest","shouldAcceptValidPolicyDefinitions"
"","12759","httpPushNonFiniteDataTransfer()","","Mon May 11 06:50:51 UTC 2026","passed","Mon May 11 06:51:04 UTC 2026","","org.eclipse.tractusx.edc.tests.transfer.TransferPushEndToEndTest.Dsp08to08","org.eclipse.tractusx.edc.tests.transfer.TransferPushEndToEndTest$Dsp08to08","httpPushNonFiniteDataTransfer"
"","83","Verify HTTP 200 response and body when refreshing succeeds","","Mon May 11 06:48:48 UTC 2026","passed","Mon May 11 06:48:48 UTC 2026","","org.eclipse.tractusx.edc.tests.edrv2.EdrCacheApiEndToEndTest","org.eclipse.tractusx.edc.tests.edrv2.EdrCacheApiEndToEndTest","getEdrWithRefresh_success"
"","86","Policy is accepted ""Jurisdiction Location Reference""","","Mon May 11 06:46:55 UTC 2026","passed","Mon May 11 06:46:55 UTC 2026","","org.eclipse.tractusx.edc.tests.policy.PolicyDefinitionEndToEndTest","org.eclipse.tractusx.edc.tests.policy.PolicyDefinitionEndToEndTest","shouldAcceptValidPolicyDefinitions"
"","5488","transferData_successful_notReturnOriginalSourceResponseCode_withTerminate()","","Mon May 11 06:48:44 UTC 2026","passed","Mon May 11 06:48:49 UTC 2026","","org.eclipse.tractusx.edc.tests.transfer.TransferPullEndToEndTest.Dsp08to08","org.eclipse.tractusx.edc.tests.transfer.TransferPullEndToEndTest$Dsp08to08","transferData_successful_notReturnOriginalSourceResponseCode_withTerminate"
"","66","Policy is accepted ""Warranty""","","Mon May 11 06:46:56 UTC 2026","passed","Mon May 11 06:46:56 UTC 2026","","org.eclipse.tractusx.edc.tests.policy.PolicyDefinitionEndToEndTest","org.eclipse.tractusx.edc.tests.policy.PolicyDefinitionEndToEndTest","shouldAcceptValidPolicyDefinitions"
"","255","Consumer gets catalog from the provider. No constraints.","","Mon May 11 06:51:27 UTC 2026","passed","Mon May 11 06:51:28 UTC 2026","","org.eclipse.tractusx.edc.tests.catalog.CatalogTestDspV08","org.eclipse.tractusx.edc.tests.catalog.CatalogTestDspV08","requestCatalog_fulfillsPolicy_shouldReturnOffer"
"","73","Policy is accepted ""ContractTermination""","","Mon May 11 06:46:56 UTC 2026","passed","Mon May 11 06:46:56 UTC 2026","","org.eclipse.tractusx.edc.tests.policy.PolicyDefinitionEndToEndTest","org.eclipse.tractusx.edc.tests.policy.PolicyDefinitionEndToEndTest","shouldAcceptValidPolicyDefinitions"
"","30","Verifier should resolve the DID from the prover's ID token","","Mon May 11 06:50:06 UTC 2026","passed","Mon May 11 06:50:06 UTC 2026","","org.eclipse.dataspacetck.dcp.verification.presentation.verifier.PresentationFlowSection5Test","org.eclipse.dataspacetck.dcp.verification.presentation.verifier.PresentationFlowSection5Test","presentationResponse_endpointDiscovery"
"","1841","trigger_shouldReturnSuccess_whenAllValidationsSucceed()","","Mon May 11 06:46:45 UTC 2026","passed","Mon May 11 06:46:47 UTC 2026","","org.eclipse.tractusx.edc.tests.transfer.DataFlowApiEndToEndTest","org.eclipse.tractusx.edc.tests.transfer.DataFlowApiEndToEndTest","trigger_shouldReturnSuccess_whenAllValidationsSucceed"
"","6271","httpPushDataTransfer()","","Mon May 11 06:51:30 UTC 2026","passed","Mon May 11 06:51:37 UTC 2026","","org.eclipse.tractusx.edc.tests.transfer.TransferPushEndToEndTest.Dsp2025to2025","org.eclipse.tractusx.edc.tests.transfer.TransferPushEndToEndTest$Dsp2025to2025","httpPushDataTransfer"
"","6270","transferData_unsuccessful_notReturnOriginalSourceResponseCode_withTerminate()","","Mon May 11 06:47:57 UTC 2026","passed","Mon May 11 06:48:03 UTC 2026","","org.eclipse.tractusx.edc.tests.transfer.TransferPullEndToEndTest.Dsp08to08","org.eclipse.tractusx.edc.tests.transfer.TransferPullEndToEndTest$Dsp08to08","transferData_unsuccessful_notReturnOriginalSourceResponseCode_withTerminate"
"","8686","transferData_withSuspendResume()","","Mon May 11 06:48:35 UTC 2026","passed","Mon May 11 06:48:44 UTC 2026","","org.eclipse.tractusx.edc.tests.transfer.TransferPullEndToEndTest.Dsp08to08","org.eclipse.tractusx.edc.tests.transfer.TransferPullEndToEndTest$Dsp08to08","transferData_withSuspendResume"
"","2956","transferFile_azureToS3MultipleFiles(Vault)","","Mon May 11 06:47:54 UTC 2026","passed","Mon May 11 06:47:57 UTC 2026","","org.eclipse.tractusx.edc.dataplane.transfer.test.MultiCloudTest","org.eclipse.tractusx.edc.dataplane.transfer.test.MultiCloudTest","transferFile_azureToS3MultipleFiles"
"","57","Policy is not accepted due to missing context ""Jurisdiction Location Reference""","","Mon May 11 06:46:58 UTC 2026","passed","Mon May 11 06:46:58 UTC 2026","","org.eclipse.tractusx.edc.tests.policy.PolicyDefinitionEndToEndTest","org.eclipse.tractusx.edc.tests.policy.PolicyDefinitionEndToEndTest","shouldNotAcceptInvalidNamespacePolicyDefinitions"
"","62","refreshEdr_whenNotAuthorized()","","Mon May 11 06:48:49 UTC 2026","passed","Mon May 11 06:48:49 UTC 2026","","org.eclipse.tractusx.edc.tests.edrv2.EdrCacheApiEndToEndTest","org.eclipse.tractusx.edc.tests.edrv2.EdrCacheApiEndToEndTest","refreshEdr_whenNotAuthorized"
"","15588","discoveryShouldReturn502_whenProviderEndpointNotReachable()","","Mon May 11 06:47:28 UTC 2026","passed","Mon May 11 06:47:44 UTC 2026","","org.eclipse.tractusx.edc.discovery.e2e.ConnectorParameterDiscoveryTest","org.eclipse.tractusx.edc.discovery.e2e.ConnectorParameterDiscoveryTest","discoveryShouldReturn502_whenProviderEndpointNotReachable"
"","92","Policy is accepted ""DataExchangeGovernance use case""","","Mon May 11 06:46:54 UTC 2026","passed","Mon May 11 06:46:54 UTC 2026","","org.eclipse.tractusx.edc.tests.policy.PolicyDefinitionEndToEndTest","org.eclipse.tractusx.edc.tests.policy.PolicyDefinitionEndToEndTest","shouldAcceptValidPolicyDefinitions"
"","2057","transferMultipleFiles()","","Mon May 11 06:48:30 UTC 2026","passed","Mon May 11 06:48:32 UTC 2026","","org.eclipse.tractusx.edc.dataplane.transfer.test.S3ToS3Test","org.eclipse.tractusx.edc.dataplane.transfer.test.S3ToS3Test","transferMultipleFiles"
"","9405","transferFile_withBucketCreation_success()","","Mon May 11 06:50:40 UTC 2026","passed","Mon May 11 06:50:50 UTC 2026","","org.eclipse.tractusx.edc.tests.transfer.S3ToS3EndToEndTest","org.eclipse.tractusx.edc.tests.transfer.S3ToS3EndToEndTest","transferFile_withBucketCreation_success"
"","3914","transferData_privateBackend_withConsumerDataPlane()","","Mon May 11 06:51:03 UTC 2026","passed","Mon May 11 06:51:06 UTC 2026","","org.eclipse.tractusx.edc.tests.transfer.DivConsumerPullTest","org.eclipse.tractusx.edc.tests.transfer.DivConsumerPullTest","transferData_privateBackend_withConsumerDataPlane"
"","5","verifyAgentId_whenNoMembershipCredential_forDsp08(DataspaceProfileContextRegistry)","","Mon May 11 06:51:21 UTC 2026","passed","Mon May 11 06:51:21 UTC 2026","","org.eclipse.tractusx.edc.tests.transfer.IdentityExtractionTest","org.eclipse.tractusx.edc.tests.transfer.IdentityExtractionTest","verifyAgentId_whenNoMembershipCredential_forDsp08"
"","489","discoveryShouldReturnDspParams_BpnAsIdentifier()","","Mon May 11 06:46:52 UTC 2026","passed","Mon May 11 06:46:52 UTC 2026","","org.eclipse.tractusx.edc.discovery.e2e.ConnectorDiscoveryTest","org.eclipse.tractusx.edc.discovery.e2e.ConnectorDiscoveryTest","discoveryShouldReturnDspParams_BpnAsIdentifier"
"","61","Policy is accepted ""Enforce data usage end date 1 second in the future""","","Mon May 11 06:46:57 UTC 2026","passed","Mon May 11 06:46:57 UTC 2026","","org.eclipse.tractusx.edc.tests.policy.PolicyDefinitionEndToEndTest","org.eclipse.tractusx.edc.tests.policy.PolicyDefinitionEndToEndTest","shouldAcceptValidPolicyDefinitions"
"","5707","transferData_successful_notReturnOriginalSourceResponseCode_withTerminate()","","Mon May 11 06:50:13 UTC 2026","passed","Mon May 11 06:50:19 UTC 2026","","org.eclipse.tractusx.edc.tests.transfer.TransferPullEndToEndTest.Dsp2025to2025","org.eclipse.tractusx.edc.tests.transfer.TransferPullEndToEndTest$Dsp2025to2025","transferData_successful_notReturnOriginalSourceResponseCode_withTerminate"
"","80","5.4.3 Verifier should reject Presentations where the holder does not match the credentialSubject.id","","Mon May 11 06:50:06 UTC 2026","passed","Mon May 11 06:50:06 UTC 2026","","org.eclipse.dataspacetck.dcp.verification.presentation.verifier.PresentationFlowSection5Test","org.eclipse.dataspacetck.dcp.verification.presentation.verifier.PresentationFlowSection5Test","verifier_05_04_03_presentationResponse_holderNotEqualSubjectId"
"","122","discoveryShouldReturn400_whenNoProtocolsAvailable()","","Mon May 11 06:47:28 UTC 2026","passed","Mon May 11 06:47:28 UTC 2026","","org.eclipse.tractusx.edc.discovery.e2e.ConnectorParameterDiscoveryTest","org.eclipse.tractusx.edc.discovery.e2e.ConnectorParameterDiscoveryTest","discoveryShouldReturn400_whenNoProtocolsAvailable"
"","72","Policy is accepted ""Precedence""","","Mon May 11 06:46:55 UTC 2026","passed","Mon May 11 06:46:55 UTC 2026","","org.eclipse.tractusx.edc.tests.policy.PolicyDefinitionEndToEndTest","org.eclipse.tractusx.edc.tests.policy.PolicyDefinitionEndToEndTest","shouldAcceptValidPolicyDefinitions"
"","67","Policy is accepted ""Exclusive Usage""","","Mon May 11 06:46:56 UTC 2026","passed","Mon May 11 06:46:56 UTC 2026","","org.eclipse.tractusx.edc.tests.policy.PolicyDefinitionEndToEndTest","org.eclipse.tractusx.edc.tests.policy.PolicyDefinitionEndToEndTest","shouldAcceptValidPolicyDefinitions"
"","2705","BusinessPartnerCreated event is published","","Mon May 11 06:46:54 UTC 2026","passed","Mon May 11 06:46:56 UTC 2026","","org.eclipse.tractusx.edc.tests.bpn.events.BusinessPartnerEventTest","org.eclipse.tractusx.edc.tests.bpn.events.BusinessPartnerEventTest","shouldPublishBusinessPartnerCreatedEvent"
"","61","Verify the refresh endpoint is not called when token not yet expired","","Mon May 11 06:48:43 UTC 2026","passed","Mon May 11 06:48:43 UTC 2026","","org.eclipse.tractusx.edc.tests.edrv2.EdrCacheApiEndToEndTest","org.eclipse.tractusx.edc.tests.edrv2.EdrCacheApiEndToEndTest","getEdrWithRefresh_notExpired_shouldNotCallEndpoint"
"","15754","Malicious actor should not impersonate a consumer by creating a VP with the consumer membership credential","","Mon May 11 06:50:03 UTC 2026","passed","Mon May 11 06:50:19 UTC 2026","","org.eclipse.tractusx.edc.tests.transfer.CredentialSpoofTest","org.eclipse.tractusx.edc.tests.transfer.CredentialSpoofTest","shouldNotImpersonateConsumer_withWrappedConsumerCredential"
"","284","retireAgreement_shouldFail_whenAgreementDoesNotExist()","","Mon May 11 06:47:08 UTC 2026","passed","Mon May 11 06:47:09 UTC 2026","","org.eclipse.tractusx.edc.tests.transfer.RetireAgreementTest","org.eclipse.tractusx.edc.tests.transfer.RetireAgreementTest","retireAgreement_shouldFail_whenAgreementDoesNotExist"
"","1","verifyCorrectParticipantAgentId_forDsp2025(DataspaceProfileContextRegistry)","","Mon May 11 06:51:21 UTC 2026","passed","Mon May 11 06:51:21 UTC 2026","","org.eclipse.tractusx.edc.tests.transfer.IdentityExtractionTest","org.eclipse.tractusx.edc.tests.transfer.IdentityExtractionTest","verifyCorrectParticipantAgentId_forDsp2025"
"","3750","Contract policy is fulfilled ""DataExchangeGovernance use case""","","Mon May 11 06:51:50 UTC 2026","passed","Mon May 11 06:51:53 UTC 2026","","org.eclipse.tractusx.edc.tests.transfer.StsConsumerPullTest","org.eclipse.tractusx.edc.tests.transfer.StsConsumerPullTest","transferData_whenContractPolicyFulfilled"
"","69","Policy is not accepted due to missing context ""Version Changes""","","Mon May 11 06:46:58 UTC 2026","passed","Mon May 11 06:46:58 UTC 2026","","org.eclipse.tractusx.edc.tests.policy.PolicyDefinitionEndToEndTest","org.eclipse.tractusx.edc.tests.policy.PolicyDefinitionEndToEndTest","shouldNotAcceptInvalidNamespacePolicyDefinitions"
"","189","Expect the Catalog request to fail if a requested credential is missing","","Mon May 11 06:50:48 UTC 2026","passed","Mon May 11 06:50:48 UTC 2026","","org.eclipse.tractusx.edc.tests.transfer.DivConsumerPullTest","org.eclipse.tractusx.edc.tests.transfer.DivConsumerPullTest","catalogRequest_whenRequestedCredentialMissing"
"","248","4.3.3 Verify invalid access token - jti","","Mon May 11 06:50:06 UTC 2026","passed","Mon May 11 06:50:06 UTC 2026","","org.eclipse.dataspacetck.dcp.verification.presentation.verifier.PresentationFlowSection4Test","org.eclipse.dataspacetck.dcp.verification.presentation.verifier.PresentationFlowSection4Test","verifier_04_03_03_idTokenJtiUsedTwice"
"","60","triggerDataTransfer_shouldFail_whenDataFlowDoesNotExist()","","Mon May 11 06:46:48 UTC 2026","passed","Mon May 11 06:46:48 UTC 2026","","org.eclipse.tractusx.edc.tests.transfer.DataFlowApiEndToEndTest","org.eclipse.tractusx.edc.tests.transfer.DataFlowApiEndToEndTest","triggerDataTransfer_shouldFail_whenDataFlowDoesNotExist"
"","59","triggerDataTransfer_shouldFail_whenDataFlowIsNotInStartedState()","","Mon May 11 06:46:48 UTC 2026","passed","Mon May 11 06:46:48 UTC 2026","","org.eclipse.tractusx.edc.tests.transfer.DataFlowApiEndToEndTest","org.eclipse.tractusx.edc.tests.transfer.DataFlowApiEndToEndTest","triggerDataTransfer_shouldFail_whenDataFlowIsNotInStartedState"
"","28","discoveryShouldReturn400_ifRequestHasMissingProps()","","Mon May 11 06:47:28 UTC 2026","passed","Mon May 11 06:47:28 UTC 2026","","org.eclipse.tractusx.edc.discovery.e2e.ConnectorParameterDiscoveryTest","org.eclipse.tractusx.edc.discovery.e2e.ConnectorParameterDiscoveryTest","discoveryShouldReturn400_ifRequestHasMissingProps"
"","7647","httpPushDataTransfer_withLegacyUsagePolicy()","","Mon May 11 06:51:23 UTC 2026","passed","Mon May 11 06:51:30 UTC 2026","","org.eclipse.tractusx.edc.tests.transfer.TransferPushEndToEndTest.Dsp2025to2025","org.eclipse.tractusx.edc.tests.transfer.TransferPushEndToEndTest$Dsp2025to2025","httpPushDataTransfer_withLegacyUsagePolicy"
"","92","Policy is accepted ""Liability""","","Mon May 11 06:46:55 UTC 2026","passed","Mon May 11 06:46:55 UTC 2026","","org.eclipse.tractusx.edc.tests.policy.PolicyDefinitionEndToEndTest","org.eclipse.tractusx.edc.tests.policy.PolicyDefinitionEndToEndTest","shouldAcceptValidPolicyDefinitions"
"","207","Expect the Catalog request to fail if a credential has an invalid credential subject id","","Mon May 11 06:50:48 UTC 2026","passed","Mon May 11 06:50:48 UTC 2026","","org.eclipse.tractusx.edc.tests.transfer.DivConsumerPullTest","org.eclipse.tractusx.edc.tests.transfer.DivConsumerPullTest","catalogRequest_whenCredentialSubjectIdIsInvalid"
"","801","Expect the Catalog request to fail if a credential is revoked","","Mon May 11 06:50:47 UTC 2026","passed","Mon May 11 06:50:48 UTC 2026","","org.eclipse.tractusx.edc.tests.transfer.DivConsumerPullTest","org.eclipse.tractusx.edc.tests.transfer.DivConsumerPullTest","catalogRequest_whenCredentialRevoked"
"","65","Policy is accepted ""Warranty Definition""","","Mon May 11 06:46:56 UTC 2026","passed","Mon May 11 06:46:56 UTC 2026","","org.eclipse.tractusx.edc.tests.policy.PolicyDefinitionEndToEndTest","org.eclipse.tractusx.edc.tests.policy.PolicyDefinitionEndToEndTest","shouldAcceptValidPolicyDefinitions"
"","293","Verify that the consumer receives only the offers he is permitted to (using the legacy BPN validation)","","Mon May 11 06:51:03 UTC 2026","passed","Mon May 11 06:51:03 UTC 2026","","org.eclipse.tractusx.edc.tests.catalog.CatalogTest","org.eclipse.tractusx.edc.tests.catalog.CatalogTest","requestCatalog_filteredByBpnLegacy_shouldReject"
"","90","Policy is accepted ""Affiliates Region (IS_ANY_OF, one element)""","","Mon May 11 06:46:55 UTC 2026","passed","Mon May 11 06:46:55 UTC 2026","","org.eclipse.tractusx.edc.tests.policy.PolicyDefinitionEndToEndTest","org.eclipse.tractusx.edc.tests.policy.PolicyDefinitionEndToEndTest","shouldAcceptValidPolicyDefinitions"
"","2434","Refresh token is null or empty (missing) [1] null","","Mon May 11 06:46:42 UTC 2026","passed","Mon May 11 06:46:44 UTC 2026","","org.eclipse.tractusx.edc.dataplane.tokenrefresh.e2e.DataPlaneTokenRefreshEndToEndTest","org.eclipse.tractusx.edc.dataplane.tokenrefresh.e2e.DataPlaneTokenRefreshEndToEndTest","refresh_invalidRefreshToken"
"","6125","httpPushDataTransfer()","","Mon May 11 06:50:45 UTC 2026","passed","Mon May 11 06:50:51 UTC 2026","","org.eclipse.tractusx.edc.tests.transfer.TransferPushEndToEndTest.Dsp08to08","org.eclipse.tractusx.edc.tests.transfer.TransferPushEndToEndTest$Dsp08to08","httpPushDataTransfer"
"","6026","transferData_success_withProxyOriginalResponse()","","Mon May 11 06:48:29 UTC 2026","passed","Mon May 11 06:48:35 UTC 2026","","org.eclipse.tractusx.edc.tests.transfer.TransferPullEndToEndTest.Dsp08to08","org.eclipse.tractusx.edc.tests.transfer.TransferPullEndToEndTest$Dsp08to08","transferData_success_withProxyOriginalResponse"
"","2917","Policy is accepted ""MembershipCredential""","","Mon May 11 06:46:51 UTC 2026","passed","Mon May 11 06:46:54 UTC 2026","","org.eclipse.tractusx.edc.tests.policy.PolicyDefinitionEndToEndTest","org.eclipse.tractusx.edc.tests.policy.PolicyDefinitionEndToEndTest","shouldAcceptValidPolicyDefinitions"
"","5478","Contract policy is fulfilled ""MembershipCredential""","","Mon May 11 06:51:44 UTC 2026","passed","Mon May 11 06:51:50 UTC 2026","","org.eclipse.tractusx.edc.tests.transfer.StsConsumerPullTest","org.eclipse.tractusx.edc.tests.transfer.StsConsumerPullTest","transferData_whenContractPolicyFulfilled"
"","5039","transferData_success_withProxyOriginalResponse()","","Mon May 11 06:50:00 UTC 2026","passed","Mon May 11 06:50:05 UTC 2026","","org.eclipse.tractusx.edc.tests.transfer.TransferPullEndToEndTest.Dsp2025to2025","org.eclipse.tractusx.edc.tests.transfer.TransferPullEndToEndTest$Dsp2025to2025","transferData_success_withProxyOriginalResponse"
"","473","Expect the Catalog request to fail if a credential is expired","","Mon May 11 06:51:43 UTC 2026","passed","Mon May 11 06:51:44 UTC 2026","","org.eclipse.tractusx.edc.tests.transfer.StsConsumerPullTest","org.eclipse.tractusx.edc.tests.transfer.StsConsumerPullTest","catalogRequest_whenCredentialExpired"
"","52","Policy is not accepted due to missing context ""Data Usage End Date""","","Mon May 11 06:46:58 UTC 2026","passed","Mon May 11 06:46:58 UTC 2026","","org.eclipse.tractusx.edc.tests.policy.PolicyDefinitionEndToEndTest","org.eclipse.tractusx.edc.tests.policy.PolicyDefinitionEndToEndTest","shouldNotAcceptInvalidNamespacePolicyDefinitions"
"","45","4.3.3 Verify invalid access token - auth token bound to a different iss/sub","","Mon May 11 06:50:05 UTC 2026","passed","Mon May 11 06:50:06 UTC 2026","","org.eclipse.dataspacetck.dcp.verification.presentation.verifier.PresentationFlowSection4Test","org.eclipse.dataspacetck.dcp.verification.presentation.verifier.PresentationFlowSection4Test","verifier_04_03_03_idTokenInvalidIssuerSub"
"","68","Policy is not accepted due to missing context ""Data Usage End Date Definition""","","Mon May 11 06:46:58 UTC 2026","passed","Mon May 11 06:46:58 UTC 2026","","org.eclipse.tractusx.edc.tests.policy.PolicyDefinitionEndToEndTest","org.eclipse.tractusx.edc.tests.policy.PolicyDefinitionEndToEndTest","shouldNotAcceptInvalidNamespacePolicyDefinitions"
"","32858","shouldTerminateTransfer_whenDataProvisioningEndDatePolicyExpires()","","Mon May 11 06:47:20 UTC 2026","passed","Mon May 11 06:47:52 UTC 2026","","org.eclipse.tractusx.edc.tests.policy.PolicyMonitorEndToEndTest","org.eclipse.tractusx.edc.tests.policy.PolicyMonitorEndToEndTest","shouldTerminateTransfer_whenDataProvisioningEndDatePolicyExpires"
"","2470","shouldDelegateAuth()","","Mon May 11 06:47:03 UTC 2026","passed","Mon May 11 06:47:06 UTC 2026","","org.eclipse.tractusx.edc.tests.auth.DelegatedAuthEndToEndTest","org.eclipse.tractusx.edc.tests.auth.DelegatedAuthEndToEndTest","shouldDelegateAuth"
"","5103","Contract policy is fulfilled ""DataExchangeGovernance use case""","","Mon May 11 06:50:53 UTC 2026","passed","Mon May 11 06:50:58 UTC 2026","","org.eclipse.tractusx.edc.tests.transfer.DivConsumerPullTest","org.eclipse.tractusx.edc.tests.transfer.DivConsumerPullTest","transferData_whenContractPolicyFulfilled"
"","5194","Contract policy is fulfilled ""MembershipCredential""","","Mon May 11 06:50:48 UTC 2026","passed","Mon May 11 06:50:53 UTC 2026","","org.eclipse.tractusx.edc.tests.transfer.DivConsumerPullTest","org.eclipse.tractusx.edc.tests.transfer.DivConsumerPullTest","transferData_whenContractPolicyFulfilled"
"","7125","azureBlobPush_withDestFolder()","","Mon May 11 06:49:56 UTC 2026","passed","Mon May 11 06:50:03 UTC 2026","","org.eclipse.tractusx.edc.tests.transfer.AzureToAzureEndToEndTest","org.eclipse.tractusx.edc.tests.transfer.AzureToAzureEndToEndTest","azureBlobPush_withDestFolder"
"","108","Verify HTTP 403 response when refreshing the token is not allowed","","Mon May 11 06:48:43 UTC 2026","passed","Mon May 11 06:48:43 UTC 2026","","org.eclipse.tractusx.edc.tests.edrv2.EdrCacheApiEndToEndTest","org.eclipse.tractusx.edc.tests.edrv2.EdrCacheApiEndToEndTest","getEdrWithRefresh_unauthorized"
"","2711","Run TCK Presentation Flow tests","","Mon May 11 06:50:04 UTC 2026","passed","Mon May 11 06:50:07 UTC 2026","","org.eclipse.tractusx.edc.tests.tck.dcp.DcpPresentationFlowTest","org.eclipse.tractusx.edc.tests.tck.dcp.DcpPresentationFlowTest","runPresentationFlowTests"
"","45","5.4.3.6 Verifier should reject a credential that is not yet valid","","Mon May 11 06:50:06 UTC 2026","passed","Mon May 11 06:50:06 UTC 2026","","org.eclipse.dataspacetck.dcp.verification.presentation.verifier.PresentationFlowSection5Test","org.eclipse.dataspacetck.dcp.verification.presentation.verifier.PresentationFlowSection5Test","verifier_05_04_03_06_presentationResponse_notYetValidCredential"
"","88","Policy is accepted ""Business Partner Number""","","Mon May 11 06:46:56 UTC 2026","passed","Mon May 11 06:46:56 UTC 2026","","org.eclipse.tractusx.edc.tests.policy.PolicyDefinitionEndToEndTest","org.eclipse.tractusx.edc.tests.policy.PolicyDefinitionEndToEndTest","shouldAcceptValidPolicyDefinitions"
"","2385","Refresh token success","","Mon May 11 06:46:56 UTC 2026","passed","Mon May 11 06:46:59 UTC 2026","","org.eclipse.tractusx.edc.dataplane.tokenrefresh.e2e.DataPlaneTokenRefreshEndToEndTest","org.eclipse.tractusx.edc.dataplane.tokenrefresh.e2e.DataPlaneTokenRefreshEndToEndTest","refresh_success"
"","75","Policy is accepted ""Jurisdiction Location""","","Mon May 11 06:46:55 UTC 2026","passed","Mon May 11 06:46:55 UTC 2026","","org.eclipse.tractusx.edc.tests.policy.PolicyDefinitionEndToEndTest","org.eclipse.tractusx.edc.tests.policy.PolicyDefinitionEndToEndTest","shouldAcceptValidPolicyDefinitions"
"","47","Policy is not accepted due to missing context ""Affiliates BPNL""","","Mon May 11 06:46:58 UTC 2026","passed","Mon May 11 06:46:58 UTC 2026","","org.eclipse.tractusx.edc.tests.policy.PolicyDefinitionEndToEndTest","org.eclipse.tractusx.edc.tests.policy.PolicyDefinitionEndToEndTest","shouldNotAcceptInvalidNamespacePolicyDefinitions"
"","57","Policy is accepted ""Access policy with empty permission""","","Mon May 11 06:46:57 UTC 2026","passed","Mon May 11 06:46:57 UTC 2026","","org.eclipse.tractusx.edc.tests.policy.PolicyDefinitionEndToEndTest","org.eclipse.tractusx.edc.tests.policy.PolicyDefinitionEndToEndTest","shouldAcceptValidPolicyDefinitions"
"","44","Policy is not accepted due to missing context ""DataExchangeGovernance use case""","","Mon May 11 06:46:58 UTC 2026","passed","Mon May 11 06:46:58 UTC 2026","","org.eclipse.tractusx.edc.tests.policy.PolicyDefinitionEndToEndTest","org.eclipse.tractusx.edc.tests.policy.PolicyDefinitionEndToEndTest","shouldNotAcceptInvalidNamespacePolicyDefinitions"
"","3","verifyCorrectParticipantAgentId_forDsp08(DataspaceProfileContextRegistry)","","Mon May 11 06:51:21 UTC 2026","passed","Mon May 11 06:51:21 UTC 2026","","org.eclipse.tractusx.edc.tests.transfer.IdentityExtractionTest","org.eclipse.tractusx.edc.tests.transfer.IdentityExtractionTest","verifyCorrectParticipantAgentId_forDsp08"
"","73","Policy is not accepted because definition is not correct ""Policy with unknown actions types""","","Mon May 11 06:46:57 UTC 2026","passed","Mon May 11 06:46:57 UTC 2026","","org.eclipse.tractusx.edc.tests.policy.PolicyDefinitionEndToEndTest","org.eclipse.tractusx.edc.tests.policy.PolicyDefinitionEndToEndTest","shouldNotAcceptInvalidPolicyDefinitions"
"","73","Policy is accepted ""Version Changes""","","Mon May 11 06:46:56 UTC 2026","passed","Mon May 11 06:46:56 UTC 2026","","org.eclipse.tractusx.edc.tests.policy.PolicyDefinitionEndToEndTest","org.eclipse.tractusx.edc.tests.policy.PolicyDefinitionEndToEndTest","shouldAcceptValidPolicyDefinitions"
"","24588","transferFile_largeFile(long, Vault) File size bytes: 1073741824","","Mon May 11 06:47:10 UTC 2026","passed","Mon May 11 06:47:35 UTC 2026","","org.eclipse.tractusx.edc.dataplane.transfer.test.AzureToAzureTest","org.eclipse.tractusx.edc.dataplane.transfer.test.AzureToAzureTest","transferFile_largeFile"
"","83","Policy is accepted ""Data Usage End Date Definition""","","Mon May 11 06:46:55 UTC 2026","passed","Mon May 11 06:46:55 UTC 2026","","org.eclipse.tractusx.edc.tests.policy.PolicyDefinitionEndToEndTest","org.eclipse.tractusx.edc.tests.policy.PolicyDefinitionEndToEndTest","shouldAcceptValidPolicyDefinitions"
"","5425","When multiple requests to refresh, to different edrs, verify all return non expired token","","Mon May 11 06:48:43 UTC 2026","passed","Mon May 11 06:48:48 UTC 2026","","org.eclipse.tractusx.edc.tests.edrv2.EdrCacheApiEndToEndTest","org.eclipse.tractusx.edc.tests.edrv2.EdrCacheApiEndToEndTest","getEdrWithRefresh_subsequentRequestReturn"
"","22","discoveryShouldReturn08DspParams_whenDsp2025NotAvailable_DidAsIdentifier()","","Mon May 11 06:47:28 UTC 2026","passed","Mon May 11 06:47:28 UTC 2026","","org.eclipse.tractusx.edc.discovery.e2e.ConnectorParameterDiscoveryTest","org.eclipse.tractusx.edc.discovery.e2e.ConnectorParameterDiscoveryTest","discoveryShouldReturn08DspParams_whenDsp2025NotAvailable_DidAsIdentifier"
"","107","Provider gets 200 when asset selector has a valid criterion","","Mon May 11 06:47:18 UTC 2026","passed","Mon May 11 06:47:19 UTC 2026","","org.eclipse.tractusx.edc.tests.validators.EmptyAssetSelectorValidatorTest","org.eclipse.tractusx.edc.tests.validators.EmptyAssetSelectorValidatorTest","shouldPass_whenContractDefinitionHasCorrectAssetSelector"
"","418","Consumer gets catalog from the provider. No constraints.","","Mon May 11 06:50:01 UTC 2026","passed","Mon May 11 06:50:01 UTC 2026","","org.eclipse.tractusx.edc.tests.catalog.CatalogTest","org.eclipse.tractusx.edc.tests.catalog.CatalogTest","requestCatalog_fulfillsPolicy_shouldReturnOffer"
"","54","Policy is not accepted because definition is not correct ""Access policy permission with not allowed constraints""","","Mon May 11 06:46:57 UTC 2026","passed","Mon May 11 06:46:57 UTC 2026","","org.eclipse.tractusx.edc.tests.policy.PolicyDefinitionEndToEndTest","org.eclipse.tractusx.edc.tests.policy.PolicyDefinitionEndToEndTest","shouldNotAcceptInvalidPolicyDefinitions"
"","971","shouldFail_whenDestinationBucketDoesNotExist()","","Mon May 11 06:48:15 UTC 2026","passed","Mon May 11 06:48:16 UTC 2026","","org.eclipse.tractusx.edc.dataplane.transfer.test.S3ToS3Test","org.eclipse.tractusx.edc.dataplane.transfer.test.S3ToS3Test","shouldFail_whenDestinationBucketDoesNotExist"
"","51","Policy is not accepted due to missing context ""Precedence""","","Mon May 11 06:46:58 UTC 2026","passed","Mon May 11 06:46:58 UTC 2026","","org.eclipse.tractusx.edc.tests.policy.PolicyDefinitionEndToEndTest","org.eclipse.tractusx.edc.tests.policy.PolicyDefinitionEndToEndTest","shouldNotAcceptInvalidNamespacePolicyDefinitions"
"","2129","transferFile_success()","","Mon May 11 06:48:13 UTC 2026","passed","Mon May 11 06:48:15 UTC 2026","","org.eclipse.tractusx.edc.dataplane.transfer.test.S3ToS3Test","org.eclipse.tractusx.edc.dataplane.transfer.test.S3ToS3Test","transferFile_success"
"","2552","The Authorization header is missing","","Mon May 11 06:46:37 UTC 2026","passed","Mon May 11 06:46:39 UTC 2026","","org.eclipse.tractusx.edc.dataplane.tokenrefresh.e2e.DataPlaneTokenRefreshEndToEndTest","org.eclipse.tractusx.edc.dataplane.tokenrefresh.e2e.DataPlaneTokenRefreshEndToEndTest","refresh_missingAuthHeader"
"","86","refreshEdr_whenNotFound()","","Mon May 11 06:48:43 UTC 2026","passed","Mon May 11 06:48:43 UTC 2026","","org.eclipse.tractusx.edc.tests.edrv2.EdrCacheApiEndToEndTest","org.eclipse.tractusx.edc.tests.edrv2.EdrCacheApiEndToEndTest","refreshEdr_whenNotFound"
"","43","Policy is not accepted due to missing context ""Contract reference""","","Mon May 11 06:46:59 UTC 2026","passed","Mon May 11 06:46:59 UTC 2026","","org.eclipse.tractusx.edc.tests.policy.PolicyDefinitionEndToEndTest","org.eclipse.tractusx.edc.tests.policy.PolicyDefinitionEndToEndTest","shouldNotAcceptInvalidNamespacePolicyDefinitions"
"","5012","transferData_failing_withProxyOriginalResponse_withoutSourceResponseBody()","","Mon May 11 06:49:55 UTC 2026","passed","Mon May 11 06:50:00 UTC 2026","","org.eclipse.tractusx.edc.tests.transfer.TransferPullEndToEndTest.Dsp2025to2025","org.eclipse.tractusx.edc.tests.transfer.TransferPullEndToEndTest$Dsp2025to2025","transferData_failing_withProxyOriginalResponse_withoutSourceResponseBody"
"","51","Policy is not accepted due to missing context ""Liability""","","Mon May 11 06:46:58 UTC 2026","passed","Mon May 11 06:46:58 UTC 2026","","org.eclipse.tractusx.edc.tests.policy.PolicyDefinitionEndToEndTest","org.eclipse.tractusx.edc.tests.policy.PolicyDefinitionEndToEndTest","shouldNotAcceptInvalidNamespacePolicyDefinitions"
"","2406","The sign key of the authentication token is different from the public key from the DID","","Mon May 11 06:46:52 UTC 2026","passed","Mon May 11 06:46:54 UTC 2026","","org.eclipse.tractusx.edc.dataplane.tokenrefresh.e2e.DataPlaneTokenRefreshEndToEndTest","org.eclipse.tractusx.edc.dataplane.tokenrefresh.e2e.DataPlaneTokenRefreshEndToEndTest","refresh_spoofedAuthToken"
"","493","refreshEdr()","","Mon May 11 06:48:42 UTC 2026","passed","Mon May 11 06:48:43 UTC 2026","","org.eclipse.tractusx.edc.tests.edrv2.EdrCacheApiEndToEndTest","org.eclipse.tractusx.edc.tests.edrv2.EdrCacheApiEndToEndTest","refreshEdr"
"","4786","transferData_failing_withProxyOriginalResponse_withoutSourceResponseBody()","","Mon May 11 06:48:24 UTC 2026","passed","Mon May 11 06:48:29 UTC 2026","","org.eclipse.tractusx.edc.tests.transfer.TransferPullEndToEndTest.Dsp08to08","org.eclipse.tractusx.edc.tests.transfer.TransferPullEndToEndTest$Dsp08to08","transferData_failing_withProxyOriginalResponse_withoutSourceResponseBody"
"","50","4.3.3 Verify invalid access token - expired","","Mon May 11 06:50:05 UTC 2026","passed","Mon May 11 06:50:05 UTC 2026","","org.eclipse.dataspacetck.dcp.verification.presentation.verifier.PresentationFlowSection4Test","org.eclipse.dataspacetck.dcp.verification.presentation.verifier.PresentationFlowSection4Test","verifier_04_03_03_idTokenExpired"
"","8472","transferData_withSuspendResume()","","Mon May 11 06:50:05 UTC 2026","passed","Mon May 11 06:50:13 UTC 2026","","org.eclipse.tractusx.edc.tests.transfer.TransferPullEndToEndTest.Dsp2025to2025","org.eclipse.tractusx.edc.tests.transfer.TransferPullEndToEndTest$Dsp2025to2025","transferData_withSuspendResume"
"","3986","transferData_privateBackend()","","Mon May 11 06:51:53 UTC 2026","passed","Mon May 11 06:51:57 UTC 2026","","org.eclipse.tractusx.edc.tests.transfer.StsConsumerPullTest","org.eclipse.tractusx.edc.tests.transfer.StsConsumerPullTest","transferData_privateBackend"
"","2404","The authentication token has a invalid id","","Mon May 11 06:46:47 UTC 2026","passed","Mon May 11 06:46:49 UTC 2026","","org.eclipse.tractusx.edc.dataplane.tokenrefresh.e2e.DataPlaneTokenRefreshEndToEndTest","org.eclipse.tractusx.edc.dataplane.tokenrefresh.e2e.DataPlaneTokenRefreshEndToEndTest","refresh_invalidTokenId"
"","33","5.4.2.3 Verifier should reject an empty 'presentation' array","","Mon May 11 06:50:06 UTC 2026","passed","Mon May 11 06:50:06 UTC 2026","","org.eclipse.dataspacetck.dcp.verification.presentation.verifier.PresentationFlowSection5Test","org.eclipse.dataspacetck.dcp.verification.presentation.verifier.PresentationFlowSection5Test","verifier_05_04_02_03_presentationResponse_emptyPresentations"
"","27","discoveryShouldReturn400_whenDidNotResolvable()","","Mon May 11 06:47:28 UTC 2026","passed","Mon May 11 06:47:28 UTC 2026","","org.eclipse.tractusx.edc.discovery.e2e.ConnectorParameterDiscoveryTest","org.eclipse.tractusx.edc.discovery.e2e.ConnectorParameterDiscoveryTest","discoveryShouldReturn400_whenDidNotResolvable"
"","44","Policy is not accepted due to missing context ""Confidential Information Sharing""","","Mon May 11 06:46:59 UTC 2026","passed","Mon May 11 06:46:59 UTC 2026","","org.eclipse.tractusx.edc.tests.policy.PolicyDefinitionEndToEndTest","org.eclipse.tractusx.edc.tests.policy.PolicyDefinitionEndToEndTest","shouldNotAcceptInvalidNamespacePolicyDefinitions"
"","248","Expect the Catalog request to fail if a credential is revoked","","Mon May 11 06:51:44 UTC 2026","passed","Mon May 11 06:51:44 UTC 2026","","org.eclipse.tractusx.edc.tests.transfer.StsConsumerPullTest","org.eclipse.tractusx.edc.tests.transfer.StsConsumerPullTest","catalogRequest_whenCredentialRevoked"
"","32606","shouldTerminateTransfer_whenDataUsageEndDatePolicyExpires()","","Mon May 11 06:47:52 UTC 2026","passed","Mon May 11 06:48:25 UTC 2026","","org.eclipse.tractusx.edc.tests.policy.PolicyMonitorEndToEndTest","org.eclipse.tractusx.edc.tests.policy.PolicyMonitorEndToEndTest","shouldTerminateTransfer_whenDataUsageEndDatePolicyExpires"
"","241","Multiple ContractDefinitions exist for one Asset","","Mon May 11 06:51:03 UTC 2026","passed","Mon May 11 06:51:03 UTC 2026","","org.eclipse.tractusx.edc.tests.catalog.CatalogTest","org.eclipse.tractusx.edc.tests.catalog.CatalogTest","requestCatalog_multipleOffersForAsset"
"","9029","transferData_withExpiredEdr_shouldReturn4xx()","","Mon May 11 06:52:19 UTC 2026","passed","Mon May 11 06:52:28 UTC 2026","","org.eclipse.tractusx.edc.tests.transfer.TransferWithTokenRefreshTest","org.eclipse.tractusx.edc.tests.transfer.TransferWithTokenRefreshTest","transferData_withExpiredEdr_shouldReturn4xx"
"","115","discoveryShouldReturn08DspParams_whenDsp2025NotAvailable_BpnAsIdentifier()","","Mon May 11 06:47:28 UTC 2026","passed","Mon May 11 06:47:28 UTC 2026","","org.eclipse.tractusx.edc.discovery.e2e.ConnectorParameterDiscoveryTest","org.eclipse.tractusx.edc.discovery.e2e.ConnectorParameterDiscoveryTest","discoveryShouldReturn08DspParams_whenDsp2025NotAvailable_BpnAsIdentifier"
"","2064","transferFile_targetContainerNotExist_shouldFail(Vault)","","Mon May 11 06:47:41 UTC 2026","passed","Mon May 11 06:47:43 UTC 2026","","org.eclipse.tractusx.edc.dataplane.transfer.test.AzureToAzureTest","org.eclipse.tractusx.edc.dataplane.transfer.test.AzureToAzureTest","transferFile_targetContainerNotExist_shouldFail"
"","70","Policy is accepted ""Usage Purpose""","","Mon May 11 06:46:55 UTC 2026","passed","Mon May 11 06:46:56 UTC 2026","","org.eclipse.tractusx.edc.tests.policy.PolicyDefinitionEndToEndTest","org.eclipse.tractusx.edc.tests.policy.PolicyDefinitionEndToEndTest","shouldAcceptValidPolicyDefinitions"
"","35","4.3.3 Verify invalid access token - sub does not match DID document id","","Mon May 11 06:50:06 UTC 2026","passed","Mon May 11 06:50:06 UTC 2026","","org.eclipse.dataspacetck.dcp.verification.presentation.verifier.PresentationFlowSection4Test","org.eclipse.dataspacetck.dcp.verification.presentation.verifier.PresentationFlowSection4Test","verifier_04_03_03_idTokenIncorrectSub"
"","120","5.4.3.6 Verifier should reject Presentations where at least 1 credential is revoked/suspended","","Mon May 11 06:50:06 UTC 2026","passed","Mon May 11 06:50:06 UTC 2026","","org.eclipse.dataspacetck.dcp.verification.presentation.verifier.PresentationFlowSection5Test","org.eclipse.dataspacetck.dcp.verification.presentation.verifier.PresentationFlowSection5Test","verifier_05_04_03_06_presentationResponse_credentialRevoked"
"","45","Policy is not accepted due to missing context ""Affiliates Region""","","Mon May 11 06:46:58 UTC 2026","passed","Mon May 11 06:46:58 UTC 2026","","org.eclipse.tractusx.edc.tests.policy.PolicyDefinitionEndToEndTest","org.eclipse.tractusx.edc.tests.policy.PolicyDefinitionEndToEndTest","shouldNotAcceptInvalidNamespacePolicyDefinitions"
"","3","verifyAgentId_whenNoMembershipCredential_forDsp2025(DataspaceProfileContextRegistry)","","Mon May 11 06:51:21 UTC 2026","passed","Mon May 11 06:51:21 UTC 2026","","org.eclipse.tractusx.edc.tests.transfer.IdentityExtractionTest","org.eclipse.tractusx.edc.tests.transfer.IdentityExtractionTest","verifyAgentId_whenNoMembershipCredential_forDsp2025"
"","9270","transferFile_success()","","Mon May 11 06:50:50 UTC 2026","passed","Mon May 11 06:50:59 UTC 2026","","org.eclipse.tractusx.edc.tests.transfer.S3ToS3EndToEndTest","org.eclipse.tractusx.edc.tests.transfer.S3ToS3EndToEndTest","transferFile_success"
"","50","4.3.1 Verifier should reject an ID token that does not contain an access token","","Mon May 11 06:50:05 UTC 2026","passed","Mon May 11 06:50:05 UTC 2026","","org.eclipse.dataspacetck.dcp.verification.presentation.verifier.PresentationFlowSection4Test","org.eclipse.dataspacetck.dcp.verification.presentation.verifier.PresentationFlowSection4Test","verifier_04_03_01_presentationResponse_idTokenNoTokenClaim"
"","266","Provider gets 400 when empty asset selector is used","","Mon May 11 06:47:18 UTC 2026","passed","Mon May 11 06:47:18 UTC 2026","","org.eclipse.tractusx.edc.tests.validators.EmptyAssetSelectorValidatorTest","org.eclipse.tractusx.edc.tests.validators.EmptyAssetSelectorValidatorTest","shouldFail_whenContractDefinitionHasEmptyAssetSelector"
"","40","Policy is not accepted due to missing context ""Confidential Information Measures""","","Mon May 11 06:46:59 UTC 2026","passed","Mon May 11 06:46:59 UTC 2026","","org.eclipse.tractusx.edc.tests.policy.PolicyDefinitionEndToEndTest","org.eclipse.tractusx.edc.tests.policy.PolicyDefinitionEndToEndTest","shouldNotAcceptInvalidNamespacePolicyDefinitions"
"","51","4.3.3 Verify invalid access token - iss and sub different","","Mon May 11 06:50:05 UTC 2026","passed","Mon May 11 06:50:05 UTC 2026","","org.eclipse.dataspacetck.dcp.verification.presentation.verifier.PresentationFlowSection4Test","org.eclipse.dataspacetck.dcp.verification.presentation.verifier.PresentationFlowSection4Test","verifier_04_03_03_idTokenInvalidSub"
"","67","Policy is not accepted due to missing context ""Usage Purpose""","","Mon May 11 06:46:58 UTC 2026","passed","Mon May 11 06:46:58 UTC 2026","","org.eclipse.tractusx.edc.tests.policy.PolicyDefinitionEndToEndTest","org.eclipse.tractusx.edc.tests.policy.PolicyDefinitionEndToEndTest","shouldNotAcceptInvalidNamespacePolicyDefinitions"
"","61067","Catalog with 1000 offers","","Mon May 11 06:50:01 UTC 2026","passed","Mon May 11 06:51:02 UTC 2026","","org.eclipse.tractusx.edc.tests.catalog.CatalogTest","org.eclipse.tractusx.edc.tests.catalog.CatalogTest","requestCatalog_of1000Assets_shouldContainAll"
"","48","Policy is not accepted due to missing context ""Liability""","","Mon May 11 06:46:58 UTC 2026","passed","Mon May 11 06:46:58 UTC 2026","","org.eclipse.tractusx.edc.tests.policy.PolicyDefinitionEndToEndTest","org.eclipse.tractusx.edc.tests.policy.PolicyDefinitionEndToEndTest","shouldNotAcceptInvalidNamespacePolicyDefinitions"
"","2479","Refresh token is null or empty (missing) [2] """"","","Mon May 11 06:46:44 UTC 2026","passed","Mon May 11 06:46:47 UTC 2026","","org.eclipse.tractusx.edc.dataplane.tokenrefresh.e2e.DataPlaneTokenRefreshEndToEndTest","org.eclipse.tractusx.edc.dataplane.tokenrefresh.e2e.DataPlaneTokenRefreshEndToEndTest","refresh_invalidRefreshToken"
"","6287","transferData_privateBackend()","","Mon May 11 06:49:09 UTC 2026","passed","Mon May 11 06:49:15 UTC 2026","","org.eclipse.tractusx.edc.tests.transfer.TransferPullEndToEndTest.Dsp2025to2025","org.eclipse.tractusx.edc.tests.transfer.TransferPullEndToEndTest$Dsp2025to2025","transferData_privateBackend"
"","63","Policy is accepted ""Confidential Information Measures""","","Mon May 11 06:46:56 UTC 2026","passed","Mon May 11 06:46:56 UTC 2026","","org.eclipse.tractusx.edc.tests.policy.PolicyDefinitionEndToEndTest","org.eclipse.tractusx.edc.tests.policy.PolicyDefinitionEndToEndTest","shouldAcceptValidPolicyDefinitions"
"","252","Verify that the consumer receives only the offers he is permitted to (using BPN group validation)","","Mon May 11 06:51:02 UTC 2026","passed","Mon May 11 06:51:02 UTC 2026","","org.eclipse.tractusx.edc.tests.catalog.CatalogTest","org.eclipse.tractusx.edc.tests.catalog.CatalogTest","requestCatalog_filteredByBpnGroup_shouldReturnOffer"
"","66","triggerDataTransfer_shouldFail_whenDataFlowIsFinite()","","Mon May 11 06:46:48 UTC 2026","passed","Mon May 11 06:46:48 UTC 2026","","org.eclipse.tractusx.edc.tests.transfer.DataFlowApiEndToEndTest","org.eclipse.tractusx.edc.tests.transfer.DataFlowApiEndToEndTest","triggerDataTransfer_shouldFail_whenDataFlowIsFinite"
"","54","5.1 Verifier should accept a valid PresentationResponseMessage","","Mon May 11 06:50:07 UTC 2026","passed","Mon May 11 06:50:07 UTC 2026","","org.eclipse.dataspacetck.dcp.verification.presentation.verifier.PresentationFlowSection5Test","org.eclipse.dataspacetck.dcp.verification.presentation.verifier.PresentationFlowSection5Test","verifier_05_01_presentationResponse_success"
"","131","BusinessPartnerUpdated event is published","","Mon May 11 06:46:57 UTC 2026","passed","Mon May 11 06:46:57 UTC 2026","","org.eclipse.tractusx.edc.tests.bpn.events.BusinessPartnerEventTest","org.eclipse.tractusx.edc.tests.bpn.events.BusinessPartnerEventTest","shouldPublishBusinessPartnerUpdatedEvent"
"","2066","transferFile_s3ToAzureMultipleFiles(Vault)","","Mon May 11 06:48:03 UTC 2026","passed","Mon May 11 06:48:05 UTC 2026","","org.eclipse.tractusx.edc.dataplane.transfer.test.MultiCloudTest","org.eclipse.tractusx.edc.dataplane.transfer.test.MultiCloudTest","transferFile_s3ToAzureMultipleFiles"
"","6492","transferData_privateBackend()","","Mon May 11 06:47:38 UTC 2026","passed","Mon May 11 06:47:45 UTC 2026","","org.eclipse.tractusx.edc.tests.transfer.TransferPullEndToEndTest.Dsp08to08","org.eclipse.tractusx.edc.tests.transfer.TransferPullEndToEndTest$Dsp08to08","transferData_privateBackend"
"","36","5.4.2.4 Verifier should reject an a presentation where a requested credential is missing","","Mon May 11 06:50:06 UTC 2026","passed","Mon May 11 06:50:06 UTC 2026","","org.eclipse.dataspacetck.dcp.verification.presentation.verifier.PresentationFlowSection5Test","org.eclipse.dataspacetck.dcp.verification.presentation.verifier.PresentationFlowSection5Test","verifier_05_04_02_04_presentationResponse_emptyCredentials"
"","315","Verify that the consumer receives only the offers he is permitted to (using the new BPN validation)","","Mon May 11 06:51:28 UTC 2026","passed","Mon May 11 06:51:28 UTC 2026","","org.eclipse.tractusx.edc.tests.catalog.CatalogTestDspV08","org.eclipse.tractusx.edc.tests.catalog.CatalogTestDspV08","requestCatalog_filteredByBpn_shouldReject"
"","82","Policy is accepted ""Affiliates BPNL""","","Mon May 11 06:46:55 UTC 2026","passed","Mon May 11 06:46:55 UTC 2026","","org.eclipse.tractusx.edc.tests.policy.PolicyDefinitionEndToEndTest","org.eclipse.tractusx.edc.tests.policy.PolicyDefinitionEndToEndTest","shouldAcceptValidPolicyDefinitions"
"","17581","Malicious actor should not impersonate a consumer sending a valid consumer VP","","Mon May 11 06:49:46 UTC 2026","passed","Mon May 11 06:50:03 UTC 2026","","org.eclipse.tractusx.edc.tests.transfer.CredentialSpoofTest","org.eclipse.tractusx.edc.tests.transfer.CredentialSpoofTest","shouldNotImpersonateConsumer_withConsumerPresentation"
"","82","Policy is accepted ""Liability""","","Mon May 11 06:46:55 UTC 2026","passed","Mon May 11 06:46:55 UTC 2026","","org.eclipse.tractusx.edc.tests.policy.PolicyDefinitionEndToEndTest","org.eclipse.tractusx.edc.tests.policy.PolicyDefinitionEndToEndTest","shouldAcceptValidPolicyDefinitions"
"","336","Verify that the consumer receives only the offers he is permitted to (using the legacy BPN validation)","","Mon May 11 06:51:27 UTC 2026","passed","Mon May 11 06:51:27 UTC 2026","","org.eclipse.tractusx.edc.tests.catalog.CatalogTestDspV08","org.eclipse.tractusx.edc.tests.catalog.CatalogTestDspV08","requestCatalog_filteredByBpnLegacy_WithNamespace_shouldReject"
"","58","5.4.2.2 Verifier should accept a presentation response message that contains more credentials than requested","","Mon May 11 06:50:06 UTC 2026","passed","Mon May 11 06:50:06 UTC 2026","","org.eclipse.dataspacetck.dcp.verification.presentation.verifier.PresentationFlowSection5Test","org.eclipse.dataspacetck.dcp.verification.presentation.verifier.PresentationFlowSection5Test","verifier_05_04_02_02_presentationResponse_tooManyCredentials"
"","81","Policy is accepted ""Data Frequency""","","Mon May 11 06:46:55 UTC 2026","passed","Mon May 11 06:46:55 UTC 2026","","org.eclipse.tractusx.edc.tests.policy.PolicyDefinitionEndToEndTest","org.eclipse.tractusx.edc.tests.policy.PolicyDefinitionEndToEndTest","shouldAcceptValidPolicyDefinitions"
"","318","Verify that the consumer receives only the offers he is permitted to (using the new BPN validation)","","Mon May 11 06:51:02 UTC 2026","passed","Mon May 11 06:51:03 UTC 2026","","org.eclipse.tractusx.edc.tests.catalog.CatalogTest","org.eclipse.tractusx.edc.tests.catalog.CatalogTest","requestCatalog_filteredByBpn_shouldReject"
"","13561","shouldTransferOneGbFile()","","Mon May 11 06:48:16 UTC 2026","passed","Mon May 11 06:48:30 UTC 2026","","org.eclipse.tractusx.edc.dataplane.transfer.test.S3ToS3Test","org.eclipse.tractusx.edc.dataplane.transfer.test.S3ToS3Test","shouldTransferOneGbFile"
"","2370","The authentication token misses required claims: audience","","Mon May 11 06:46:54 UTC 2026","passed","Mon May 11 06:46:56 UTC 2026","","org.eclipse.tractusx.edc.dataplane.tokenrefresh.e2e.DataPlaneTokenRefreshEndToEndTest","org.eclipse.tractusx.edc.dataplane.tokenrefresh.e2e.DataPlaneTokenRefreshEndToEndTest","refresh_invalidAuthenticationToken_missingAudience"
"","6132","transferData_privateBackend_withConsumerDataPlane()","","Mon May 11 06:47:45 UTC 2026","passed","Mon May 11 06:47:51 UTC 2026","","org.eclipse.tractusx.edc.tests.transfer.TransferPullEndToEndTest.Dsp08to08","org.eclipse.tractusx.edc.tests.transfer.TransferPullEndToEndTest$Dsp08to08","transferData_privateBackend_withConsumerDataPlane"
"","247","discoveryShouldReturn2025DspParams_BpnAsIdentifier()","","Mon May 11 06:47:27 UTC 2026","passed","Mon May 11 06:47:28 UTC 2026","","org.eclipse.tractusx.edc.discovery.e2e.ConnectorParameterDiscoveryTest","org.eclipse.tractusx.edc.discovery.e2e.ConnectorParameterDiscoveryTest","discoveryShouldReturn2025DspParams_BpnAsIdentifier"
"","2454","The refresh token does not match the stored one","","Mon May 11 06:46:49 UTC 2026","passed","Mon May 11 06:46:52 UTC 2026","","org.eclipse.tractusx.edc.dataplane.tokenrefresh.e2e.DataPlaneTokenRefreshEndToEndTest","org.eclipse.tractusx.edc.dataplane.tokenrefresh.e2e.DataPlaneTokenRefreshEndToEndTest","refresh_withWrongRefreshToken"
"","73","Policy is accepted ""Business Partner Group""","","Mon May 11 06:46:56 UTC 2026","passed","Mon May 11 06:46:56 UTC 2026","","org.eclipse.tractusx.edc.tests.policy.PolicyDefinitionEndToEndTest","org.eclipse.tractusx.edc.tests.policy.PolicyDefinitionEndToEndTest","shouldAcceptValidPolicyDefinitions"
"","989","4.3.3 Verify invalid access token - nbf in future","","Mon May 11 06:50:04 UTC 2026","passed","Mon May 11 06:50:05 UTC 2026","","org.eclipse.dataspacetck.dcp.verification.presentation.verifier.PresentationFlowSection4Test","org.eclipse.dataspacetck.dcp.verification.presentation.verifier.PresentationFlowSection4Test","verifier_04_03_03_idTokenNbfInFuture"
"","44","Policy is not accepted due to missing context ""MembershipCredential""","","Mon May 11 06:46:57 UTC 2026","passed","Mon May 11 06:46:58 UTC 2026","","org.eclipse.tractusx.edc.tests.policy.PolicyDefinitionEndToEndTest","org.eclipse.tractusx.edc.tests.policy.PolicyDefinitionEndToEndTest","shouldNotAcceptInvalidNamespacePolicyDefinitions"
"","57","Expect the Catalog request to fail if a requested credential is missing","","Mon May 11 06:51:44 UTC 2026","passed","Mon May 11 06:51:44 UTC 2026","","org.eclipse.tractusx.edc.tests.transfer.StsConsumerPullTest","org.eclipse.tractusx.edc.tests.transfer.StsConsumerPullTest","catalogRequest_whenRequestedCredentialMissing"
"","47","Policy is not accepted due to missing context ""Jurisdiction Location""","","Mon May 11 06:46:58 UTC 2026","passed","Mon May 11 06:46:58 UTC 2026","","org.eclipse.tractusx.edc.tests.policy.PolicyDefinitionEndToEndTest","org.eclipse.tractusx.edc.tests.policy.PolicyDefinitionEndToEndTest","shouldNotAcceptInvalidNamespacePolicyDefinitions"
"","3929","transferData_privateBackend_withConsumerDataPlane()","","Mon May 11 06:51:57 UTC 2026","passed","Mon May 11 06:52:01 UTC 2026","","org.eclipse.tractusx.edc.tests.transfer.StsConsumerPullTest","org.eclipse.tractusx.edc.tests.transfer.StsConsumerPullTest","transferData_privateBackend_withConsumerDataPlane"
